MAG_USE,RA,DEC,star_ok,MAIN_ID,PMRA,PMDEC
14.53,6.104136,-72.106772,1,M000481,0.0,0.0
14.68,6.0909765,-72.106121,1,M000749,0.0,0.0
14.72,6.0528555,-72.106093,1,M000760,0.0,0.0
14.63,6.039027,-72.105339,1,M001220,0.0,0.0
14.7,6.026305499999999,-72.104991,1,M001476,0.0,0.0
14.8,6.0430695,-72.104733,1,M001706,0.0,0.0
14.2,6.0437505,-72.104484,1,M001917,0.0,0.0
14.45,6.0804975,-72.104393,1,M001998,0.0,0.0
14.77,6.0438345,-72.10436,1,M002031,0.0,0.0
13.92,6.028404,-72.104289,1,M002088,0.0,0.0
14.92,6.0300225,-72.103985,1,M002367,0.0,0.0
14.73,6.0198585,-72.103909,1,M002435,0.0,0.0
14.83,6.0649619999999995,-72.103724,1,M002617,0.0,0.0
14.72,6.0525735,-72.103635,1,M002710,0.0,0.0
14.7,6.0368640000000005,-72.103575,1,M002778,0.0,0.0
14.21,6.047415,-72.103462,1,M002893,0.0,0.0
14.15,6.0360945,-72.103023,1,M003377,0.0,0.0
14.76,6.0024975,-72.103014,1,M003389,0.0,0.0
14.48,6.0709725,-72.102913,1,M003514,0.0,0.0
14.59,6.0869205,-72.102806,1,M003649,0.0,0.0
14.65,6.0673545,-72.102554,1,M003926,0.0,0.0
14.74,6.062628,-72.102406,1,M004094,0.0,0.0
14.66,6.0680024999999995,-72.102344,1,M004158,0.0,0.0
14.66,6.0056475,-72.102238,1,M004288,0.0,0.0
13.88,6.00921,-72.10218,1,M004356,0.0,0.0
14.53,6.0604485,-72.10203,1,M004521,0.0,0.0
14.19,6.0175410000000005,-72.102025,1,M004529,0.0,0.0
14.04,6.0589425,-72.101859,1,M004741,0.0,0.0
14.12,6.0589200000000005,-72.101835,0,M004773,0.0,0.0
14.54,6.0244215,-72.101822,1,M004797,0.0,0.0
14.77,6.0487755,-72.101771,1,M004856,0.0,0.0
13.78,6.061215000000001,-72.101628,1,M005042,0.0,0.0
14.38,6.0613305,-72.101613,1,M005062,0.0,0.0
14.26,6.029874,-72.101481,1,M005251,0.0,0.0
14.5,6.007776,-72.101461,1,M005276,0.0,0.0
14.83,6.064938,-72.101135,1,M005730,0.0,0.0
14.65,6.04899,-72.101108,1,M005770,0.0,0.0
14.66,5.978154,-72.100998,1,M005941,0.0,0.0
14.77,5.9936505,-72.1007,1,M006402,0.0,0.0
14.68,5.981475,-72.100692,1,M006418,0.0,0.0
14.56,6.0601199999999995,-72.100603,1,M006536,0.0,0.0
14.0,6.005440500000001,-72.100149,1,M007267,0.0,0.0
14.97,6.0960090000000005,-72.100081,1,M007388,0.0,0.0
14.71,6.0173505,-72.100017,1,M007483,0.0,0.0
14.63,5.994784500000001,-72.099958,1,M007584,0.0,0.0
14.64,6.080448,-72.099635,1,M008126,0.0,0.0
13.76,6.0852945,-72.099559,1,M008263,0.0,0.0
14.67,6.0432825,-72.099488,1,M008380,0.0,0.0
14.74,5.994015,-72.099299,1,M008730,0.0,0.0
14.73,5.9782905,-72.099099,1,M009137,0.0,0.0
14.06,6.047451,-72.098728,1,M009877,0.0,0.0
14.77,5.995977000000001,-72.098597,1,M010149,0.0,0.0
14.73,6.0720255,-72.098463,1,M010406,0.0,0.0
14.67,6.074853,-72.098423,1,M010487,0.0,0.0
14.61,6.0353685,-72.098348,1,M010615,0.0,0.0
14.6,5.9528565,-72.098283,1,M010757,0.0,0.0
14.68,6.023067,-72.098159,1,M011007,0.0,0.0
14.43,5.948997,-72.098136,1,M011048,0.0,0.0
14.58,6.015453,-72.098042,1,M011248,0.0,0.0
14.77,6.007365,-72.098027,1,M011284,0.0,0.0
14.69,5.9610840000000005,-72.097995,1,M011355,0.0,0.0
13.4,5.945838,-72.09794,1,M011479,0.0,0.0
13.85,6.0726450000000005,-72.097854,1,M011642,0.0,0.0
14.38,6.021267,-72.097819,1,M011718,0.0,0.0
14.08,6.068688000000001,-72.097749,1,M011852,0.0,0.0
14.62,6.0403755,-72.097729,1,M011888,0.0,0.0
13.82,6.0843644999999995,-72.097686,1,M011981,0.0,0.0
14.75,5.9725185000000005,-72.097635,1,M012071,0.0,0.0
14.8,6.0065565,-72.097532,1,M012278,0.0,0.0
14.55,6.072805499999999,-72.097521,1,M012304,0.0,0.0
14.11,6.0354494999999995,-72.0975,1,M012351,0.0,0.0
14.71,5.9789415,-72.097486,1,M012371,0.0,0.0
14.73,6.027133500000001,-72.097442,1,M012464,0.0,0.0
14.71,6.1066995,-72.097441,1,M012466,0.0,0.0
13.54,5.959522499999999,-72.097295,1,M012794,0.0,0.0
14.62,6.0591465,-72.097279,1,M012829,0.0,0.0
14.89,6.0598155,-72.097276,1,M012833,0.0,0.0
14.51,6.0524445,-72.09722,1,M012939,0.0,0.0
14.6,6.053127,-72.097192,1,M013000,0.0,0.0
14.23,6.007458,-72.097156,1,M013065,0.0,0.0
14.61,6.063219,-72.097086,1,M013214,0.0,0.0
14.25,5.9920875,-72.096956,1,M013499,0.0,0.0
14.73,6.0029235000000005,-72.096917,1,M013570,0.0,0.0
14.73,5.9945295000000005,-72.096825,1,M013768,0.0,0.0
14.67,6.032364,-72.096758,1,M013909,0.0,0.0
14.03,6.107316000000001,-72.096739,1,M013960,0.0,0.0
14.74,6.0543645,-72.096706,1,M014022,0.0,0.0
14.64,6.056085,-72.096626,1,M014192,0.0,0.0
14.7,5.9908244999999996,-72.0966,1,M014254,0.0,0.0
14.5,6.0171585,-72.096579,1,M014308,0.0,0.0
14.68,6.0478439999999996,-72.096472,1,M014542,0.0,0.0
14.8,6.081996,-72.096414,1,M014660,0.0,0.0
14.74,6.010949999999999,-72.096244,1,M015013,0.0,0.0
14.53,6.034536,-72.096201,1,M015095,0.0,0.0
14.75,5.967893999999999,-72.096023,1,M015484,0.0,0.0
14.49,5.9960265,-72.095983,1,M015594,0.0,0.0
14.62,6.0773355,-72.095815,1,M015965,0.0,0.0
14.24,6.0432060000000005,-72.095645,1,M016368,0.0,0.0
14.46,6.0440700000000005,-72.095483,1,M016742,0.0,0.0
14.64,6.050734500000001,-72.095482,1,M016744,0.0,0.0
14.68,5.977023,-72.095398,1,M016937,0.0,0.0
14.3,6.0592725000000005,-72.095273,1,M017236,0.0,0.0
14.59,6.012537,-72.095094,1,M017656,0.0,0.0
14.74,5.993817,-72.095074,1,M017697,0.0,0.0
14.63,6.0968235,-72.094989,1,M017913,0.0,0.0
14.52,6.005259,-72.094847,1,M018235,0.0,0.0
14.83,5.9870595,-72.094822,1,M018292,0.0,0.0
14.63,6.0765555,-72.094772,1,M018430,0.0,0.0
14.52,6.0166889999999995,-72.094728,1,M018539,0.0,0.0
14.53,6.040443,-72.094723,1,M018550,0.0,0.0
14.65,6.010857000000001,-72.094708,1,M018587,0.0,0.0
14.45,6.043476,-72.094625,1,M018778,0.0,0.0
14.57,6.0109005,-72.094562,1,M018908,0.0,0.0
14.62,5.972139,-72.094507,1,M019056,0.0,0.0
14.59,6.0226785,-72.09438,1,M019347,0.0,0.0
14.44,6.0487125,-72.094372,1,M019362,0.0,0.0
14.94,6.03549,-72.094366,1,M019378,0.0,0.0
14.64,6.0756555,-72.0943,1,M019525,0.0,0.0
14.93,6.028030500000001,-72.0942,1,M019769,0.0,0.0
14.91,6.0378045,-72.094198,1,M019771,0.0,0.0
14.68,6.0464055,-72.094187,1,M019792,0.0,0.0
14.45,5.9711115,-72.094131,1,M019928,0.0,0.0
14.64,6.053043000000001,-72.094048,1,M020133,0.0,0.0
14.33,6.022857,-72.094021,1,M020211,0.0,0.0
14.26,6.017341500000001,-72.093975,1,M020306,0.0,0.0
14.17,5.966499000000001,-72.093896,1,M020493,0.0,0.0
14.58,6.083796,-72.093829,1,M020651,0.0,0.0
14.82,6.0761115,-72.093762,1,M020813,0.0,0.0
14.41,5.9481209999999995,-72.093675,1,M021010,0.0,0.0
14.53,6.0047055,-72.093645,1,M021098,0.0,0.0
14.77,5.980479,-72.093501,1,M021436,0.0,0.0
14.46,5.938623,-72.093464,1,M021536,0.0,0.0
14.71,6.0188565,-72.093379,1,M021737,0.0,0.0
13.94,6.0288675000000005,-72.093306,1,M021920,0.0,0.0
14.6,6.0083295,-72.093305,1,M021922,0.0,0.0
14.57,6.063879,-72.093266,1,M022021,0.0,0.0
14.38,6.038727,-72.093259,1,M022034,0.0,0.0
13.48,6.0468735,-72.093177,1,M022233,0.0,0.0
14.72,5.9732579999999995,-72.093069,1,M022510,0.0,0.0
14.48,6.0405465,-72.092951,1,M022798,0.0,0.0
13.54,5.9362755,-72.092785,1,M023218,0.0,0.0
13.42,6.0267645,-72.092776,1,M023247,0.0,0.0
13.5,6.042485999999999,-72.092737,1,M023348,0.0,0.0
14.63,6.0202275,-72.092645,1,M023594,0.0,0.0
13.5,6.001356,-72.092624,1,M023640,0.0,0.0
14.55,6.082656,-72.092611,1,M023669,0.0,0.0
13.89,6.029453999999999,-72.092515,1,M023911,0.0,0.0
14.25,6.029217,-72.09249,1,M023981,0.0,0.0
14.63,6.058143,-72.092477,1,M024028,0.0,0.0
14.38,6.050175,-72.092469,1,M024046,0.0,0.0
13.41,6.062973,-72.092458,1,M024072,0.0,0.0
14.66,6.012284999999999,-72.092436,1,M024122,0.0,0.0
14.46,6.066768,-72.092421,1,M024162,0.0,0.0
14.03,6.0364125,-72.092376,1,M024248,0.0,0.0
14.62,6.011745,-72.092368,1,M024269,0.0,0.0
14.72,5.945478,-72.092358,1,M024295,0.0,0.0
14.5,6.056568,-72.09234,1,M024332,0.0,0.0
13.08,5.9868915,-72.092317,1,M024389,0.0,0.0
14.73,6.023797500000001,-72.092275,1,M024496,0.0,0.0
14.38,6.0228945,-72.092267,1,M024521,0.0,0.0
14.65,6.1042335,-72.092237,1,M024608,0.0,0.0
14.5,6.0437625,-72.09223,1,M024632,0.0,0.0
14.52,6.070479000000001,-72.092211,1,M024681,0.0,0.0
14.63,6.0709859999999995,-72.092211,1,M024683,0.0,0.0
14.97,6.008934,-72.092056,1,M025062,0.0,0.0
14.58,5.9861625,-72.092029,1,M025130,0.0,0.0
14.17,6.0406575,-72.091895,1,M025484,0.0,0.0
14.14,6.0474435,-72.091733,1,M025888,0.0,0.0
14.41,6.030034499999999,-72.091722,1,M025912,0.0,0.0
11.04,5.9921505,-72.09172,1,M025920,0.0,0.0
14.27,5.990382,-72.09172,1,M025923,0.0,0.0
14.66,6.043000500000001,-72.091689,1,M026006,0.0,0.0
13.54,6.031116,-72.091638,1,M026127,0.0,0.0
14.7,5.981427,-72.091608,1,M026195,0.0,0.0
13.58,5.9558475,-72.091549,1,M026351,0.0,0.0
13.12,5.9895555,-72.091449,1,M026612,0.0,0.0
14.08,6.006177,-72.091398,1,M026766,0.0,0.0
14.59,6.035823,-72.091335,1,M026929,0.0,0.0
14.64,6.012799500000001,-72.091305,1,M027003,0.0,0.0
13.3,5.9988915,-72.091184,1,M027325,0.0,0.0
14.65,6.0614925,-72.091179,1,M027338,0.0,0.0
14.0,6.0610155,-72.090931,1,M028008,0.0,0.0
14.45,5.9743845,-72.090886,1,M028124,0.0,0.0
15.0,6.035052,-72.090867,1,M028178,0.0,0.0
14.74,6.009978,-72.090833,1,M028273,0.0,0.0
14.45,6.055053,-72.090808,1,M028341,0.0,0.0
14.61,6.0368025,-72.090801,1,M028354,0.0,0.0
14.49,6.032430000000001,-72.090689,1,M028658,0.0,0.0
14.71,5.9689515,-72.090635,1,M028789,0.0,0.0
14.19,6.047973,-72.09061,1,M028864,0.0,0.0
14.95,5.966958,-72.090599,1,M028897,0.0,0.0
14.59,5.948301,-72.090436,1,M029331,0.0,0.0
14.77,6.031491,-72.090345,1,M029577,0.0,0.0
14.59,5.9397435000000005,-72.090318,1,M029662,0.0,0.0
14.62,6.033396,-72.090175,1,M030073,0.0,0.0
14.54,6.0460395,-72.090091,1,M030309,0.0,0.0
14.57,5.984616,-72.090082,1,M030333,0.0,0.0
14.6,6.006604500000001,-72.090068,1,M030377,0.0,0.0
14.54,6.042516,-72.090055,1,M030421,0.0,0.0
14.48,6.028485,-72.090039,1,M030451,0.0,0.0
14.63,6.0313905000000005,-72.08998,1,M030615,0.0,0.0
14.07,5.9799195,-72.089952,1,M030691,0.0,0.0
14.46,6.005221499999999,-72.089933,1,M030735,0.0,0.0
14.41,6.01512,-72.089912,1,M030801,0.0,0.0
14.42,6.0575355,-72.089909,1,M030811,0.0,0.0
13.17,6.005733,-72.089884,1,M030876,0.0,0.0
14.57,5.987802,-72.089882,1,M030883,0.0,0.0
14.67,6.0635580000000004,-72.089821,1,M031051,0.0,0.0
14.34,6.028385999999999,-72.089808,1,M031088,0.0,0.0
14.42,5.9724105,-72.089743,1,M031277,0.0,0.0
14.49,6.0230205,-72.089728,1,M031317,0.0,0.0
13.96,5.9455035,-72.089697,1,M031387,0.0,0.0
14.09,6.041949,-72.089459,1,M032048,0.0,0.0
14.46,6.029403,-72.089351,1,M032345,0.0,0.0
14.91,6.0137475,-72.08934,1,M032373,0.0,0.0
14.57,6.027813,-72.08918,1,M032819,0.0,0.0
13.96,6.028974,-72.089062,1,M033134,0.0,0.0
14.01,6.037167,-72.089033,1,M033225,0.0,0.0
13.54,5.987988,-72.089005,1,M033300,0.0,0.0
14.54,6.0262545,-72.088996,1,M033324,0.0,0.0
14.75,5.944191,-72.088925,1,M033520,0.0,0.0
12.87,6.032415,-72.088921,1,M033529,0.0,0.0
13.52,5.9992695000000005,-72.088877,1,M033660,0.0,0.0
14.34,6.027012,-72.088822,1,M033822,0.0,0.0
14.58,6.038238,-72.088781,1,M033928,0.0,0.0
14.53,6.0945045,-72.088731,1,M034083,0.0,0.0
14.27,6.034506,-72.088725,1,M034105,0.0,0.0
14.61,6.04122,-72.088651,1,M034307,0.0,0.0
14.8,5.940078,-72.088649,1,M034312,0.0,0.0
14.63,6.0143070000000005,-72.088608,1,M034422,0.0,0.0
13.54,6.0802214999999995,-72.088575,1,M034527,0.0,0.0
14.55,6.0426765,-72.088559,1,M034569,0.0,0.0
14.29,6.013428,-72.088478,1,M034813,0.0,0.0
13.81,6.0313035,-72.088438,1,M034939,0.0,0.0
14.63,6.0578985,-72.088433,1,M034951,0.0,0.0
14.69,6.030380999999999,-72.088385,1,M035086,0.0,0.0
14.86,6.072474000000001,-72.088383,1,M035093,0.0,0.0
14.6,6.072273,-72.088286,1,M035351,0.0,0.0
14.49,6.0180135,-72.088191,1,M035629,0.0,0.0
14.62,6.0188385,-72.088181,1,M035654,0.0,0.0
14.12,6.0272085,-72.088169,1,M035689,0.0,0.0
14.63,5.9900685000000005,-72.088124,1,M035821,0.0,0.0
14.95,6.1087394999999995,-72.08811,1,M035857,0.0,0.0
14.25,6.0272175,-72.088084,1,M035925,0.0,0.0
14.18,5.9996745,-72.088016,1,M036141,0.0,0.0
14.52,6.1106745,-72.088008,1,M036169,0.0,0.0
14.6,6.0036629999999995,-72.087994,1,M036202,0.0,0.0
14.77,5.981908499999999,-72.087908,1,M036475,0.0,0.0
14.43,6.0254354999999995,-72.087902,1,M036494,0.0,0.0
13.99,6.0232470000000005,-72.087891,1,M036534,0.0,0.0
14.32,6.0322830000000005,-72.087858,1,M036630,0.0,0.0
14.49,6.0640575,-72.08782,1,M036723,0.0,0.0
14.49,6.070665,-72.087811,1,M036755,0.0,0.0
14.23,6.0291974999999995,-72.087779,1,M036860,0.0,0.0
14.53,6.044517,-72.087665,1,M037189,0.0,0.0
14.53,6.064516500000001,-72.087622,1,M037315,0.0,0.0
14.65,6.0399195,-72.087546,1,M037571,0.0,0.0
14.57,5.9986215,-72.087511,1,M037672,0.0,0.0
14.55,5.986839,-72.087488,1,M037746,0.0,0.0
14.38,6.046659,-72.087458,1,M037843,0.0,0.0
14.5,6.0116235,-72.087442,1,M037886,0.0,0.0
14.59,6.0573855000000005,-72.087382,1,M038066,0.0,0.0
14.57,6.0216959999999995,-72.087369,1,M038113,0.0,0.0
14.45,6.029817,-72.087345,1,M038175,0.0,0.0
14.5,6.0853155,-72.087293,1,M038333,0.0,0.0
14.46,6.0336285,-72.087267,1,M038416,0.0,0.0
13.98,6.050841,-72.087184,1,M038648,0.0,0.0
14.69,5.968840500000001,-72.08706,1,M039042,0.0,0.0
13.99,6.043059,-72.087025,1,M039141,0.0,0.0
13.58,6.0315270000000005,-72.087023,1,M039147,0.0,0.0
14.07,5.9796885,-72.086939,1,M039415,0.0,0.0
14.27,6.032964,-72.086939,1,M039416,0.0,0.0
14.24,6.02673,-72.086938,1,M039419,0.0,0.0
14.61,5.998104,-72.086926,1,M039458,0.0,0.0
13.64,6.019435499999999,-72.086922,1,M039477,0.0,0.0
14.64,5.979652499999999,-72.086913,0,M039502,0.0,0.0
14.21,6.0151725,-72.086893,1,M039565,0.0,0.0
13.94,6.070132500000001,-72.086809,1,M039819,0.0,0.0
14.41,6.0086745,-72.086805,1,M039835,0.0,0.0
14.75,6.0397305,-72.08678,1,M039906,0.0,0.0
14.58,5.9911875,-72.08673,1,M040074,0.0,0.0
14.55,6.035298,-72.086725,1,M040088,0.0,0.0
14.64,5.9735325,-72.086544,1,M040666,0.0,0.0
14.31,6.02931,-72.086483,1,M040859,0.0,0.0
14.6,6.039951,-72.086467,1,M040916,0.0,0.0
13.12,6.0359415,-72.086447,1,M040986,0.0,0.0
14.25,6.0219945,-72.086434,1,M041016,0.0,0.0
14.03,6.0072855,-72.086428,1,M041031,0.0,0.0
14.6,5.9961405,-72.086324,1,M041343,0.0,0.0
13.81,5.9553495000000005,-72.086251,1,M041558,0.0,0.0
14.37,6.045069,-72.086189,1,M041757,0.0,0.0
14.43,6.004550999999999,-72.086179,1,M041789,0.0,0.0
13.95,5.970867,-72.086157,1,M041861,0.0,0.0
13.82,6.0277365000000005,-72.08615,1,M041883,0.0,0.0
13.9,6.0332625,-72.086146,1,M041897,0.0,0.0
14.66,6.098502,-72.086083,1,M042086,0.0,0.0
12.95,6.032124,-72.086079,1,M042097,0.0,0.0
12.93,6.016389,-72.086055,1,M042193,0.0,0.0
14.61,6.036414,-72.086029,1,M042267,0.0,0.0
13.9,5.96331,-72.086019,1,M042305,0.0,0.0
14.21,6.0128205,-72.085994,1,M042378,0.0,0.0
14.97,6.102717,-72.085966,1,M042471,0.0,0.0
14.47,5.9861955,-72.085926,1,M042598,0.0,0.0
13.28,6.023877,-72.085876,1,M042754,0.0,0.0
14.53,6.001296,-72.085872,1,M042763,0.0,0.0
13.22,6.04629,-72.085872,1,M042764,0.0,0.0
13.49,6.0357435,-72.085857,1,M042810,0.0,0.0
13.42,6.0600404999999995,-72.085844,1,M042849,0.0,0.0
14.74,6.0159225,-72.085832,1,M042882,0.0,0.0
14.62,6.069703499999999,-72.085827,1,M042906,0.0,0.0
14.39,6.0094080000000005,-72.085816,1,M042935,0.0,0.0
14.2,6.035499000000001,-72.085811,1,M042948,0.0,0.0
14.03,6.042381,-72.085768,1,M043074,0.0,0.0
14.37,6.007113,-72.085747,1,M043138,0.0,0.0
14.62,5.9408505,-72.085732,1,M043199,0.0,0.0
14.37,6.0103485,-72.085729,1,M043206,0.0,0.0
14.05,6.0264795,-72.085571,1,M043696,0.0,0.0
13.52,6.0047505,-72.08556,1,M043726,0.0,0.0
14.43,6.0290595,-72.085525,1,M043823,0.0,0.0
13.76,6.011637,-72.085481,1,M043944,0.0,0.0
13.18,5.977876500000001,-72.085463,1,M044000,0.0,0.0
14.36,6.023166000000001,-72.085449,1,M044035,0.0,0.0
12.69,6.032344500000001,-72.085439,1,M044076,0.0,0.0
14.52,6.0534435,-72.085433,1,M044094,0.0,0.0
14.99,6.0076920000000005,-72.085417,1,M044151,0.0,0.0
14.79,6.0021345,-72.085359,1,M044320,0.0,0.0
14.44,6.045094499999999,-72.085345,1,M044362,0.0,0.0
14.13,6.02331,-72.085327,1,M044416,0.0,0.0
14.42,6.020529000000001,-72.085323,1,M044433,0.0,0.0
13.25,6.0101745,-72.085314,1,M044461,0.0,0.0
13.82,6.017139,-72.085307,1,M044487,0.0,0.0
13.78,6.048324,-72.085302,1,M044495,0.0,0.0
14.68,5.9524545,-72.085293,1,M044525,0.0,0.0
14.57,5.9771955,-72.085259,1,M044636,0.0,0.0
14.66,6.036345,-72.085252,1,M044659,0.0,0.0
14.26,6.0230145,-72.085243,1,M044692,0.0,0.0
12.75,5.9707755,-72.085242,1,M044696,0.0,0.0
12.61,6.012315,-72.085237,1,M044711,0.0,0.0
14.54,6.03783,-72.085225,1,M044755,0.0,0.0
14.44,5.988364499999999,-72.085219,1,M044779,0.0,0.0
14.37,5.949267000000001,-72.085157,1,M045001,0.0,0.0
14.38,6.0253815,-72.085144,1,M045043,0.0,0.0
14.68,6.0602415,-72.0851,1,M045170,0.0,0.0
13.99,6.040107000000001,-72.085074,1,M045257,0.0,0.0
13.79,6.0528794999999995,-72.085056,1,M045329,0.0,0.0
13.46,5.9962275,-72.08505,1,M045351,0.0,0.0
14.39,6.020943,-72.08501,1,M045496,0.0,0.0
13.64,6.063801,-72.084975,1,M045585,0.0,0.0
13.58,6.0617399999999995,-72.084965,1,M045623,0.0,0.0
14.58,6.044395499999999,-72.084925,1,M045747,0.0,0.0
14.23,6.0240915,-72.084913,1,M045786,0.0,0.0
14.23,6.0212235000000005,-72.084891,1,M045852,0.0,0.0
14.47,6.0182865,-72.084872,1,M045918,0.0,0.0
14.4,6.058971,-72.084851,1,M045986,0.0,0.0
14.18,5.986383,-72.084825,1,M046076,0.0,0.0
13.34,6.0116475,-72.084817,1,M046095,0.0,0.0
14.38,6.0160605,-72.084809,1,M046124,0.0,0.0
14.18,6.0877514999999995,-72.084798,1,M046162,0.0,0.0
14.59,6.041217,-72.084796,1,M046172,0.0,0.0
14.4,6.0947355,-72.084765,1,M046276,0.0,0.0
14.4,5.9521995,-72.084749,1,M046323,0.0,0.0
13.3,6.019947,-72.084721,1,M046415,0.0,0.0
14.68,6.081504,-72.08472,1,M046419,0.0,0.0
14.86,6.0374295,-72.084697,1,M046496,0.0,0.0
14.67,6.070731,-72.084651,1,M046610,0.0,0.0
13.92,6.0197775,-72.08465,1,M046613,0.0,0.0
14.33,6.037716,-72.08459,1,M046821,0.0,0.0
14.49,5.992965000000001,-72.084577,1,M046862,0.0,0.0
14.56,6.017271,-72.084546,1,M046960,0.0,0.0
14.44,6.0284474999999995,-72.084467,1,M047197,0.0,0.0
14.4,6.032901,-72.084464,1,M047205,0.0,0.0
14.67,6.099195,-72.084463,1,M047215,0.0,0.0
14.53,6.0499785,-72.084454,1,M047249,0.0,0.0
14.38,6.0341819999999995,-72.084426,1,M047333,0.0,0.0
14.4,6.036588,-72.084424,1,M047345,0.0,0.0
14.47,5.9986545,-72.084417,1,M047368,0.0,0.0
14.47,6.0347955,-72.084399,1,M047431,0.0,0.0
13.84,6.0228855,-72.084385,1,M047482,0.0,0.0
14.64,6.025174499999999,-72.08437,1,M047538,0.0,0.0
14.56,5.9955105,-72.084329,1,M047661,0.0,0.0
14.42,6.0474525,-72.084327,1,M047667,0.0,0.0
14.0,6.0127815,-72.084308,1,M047727,0.0,0.0
14.51,6.069075,-72.084284,1,M047817,0.0,0.0
14.42,6.0188385,-72.084247,1,M047948,0.0,0.0
14.31,6.0448200000000005,-72.084238,1,M047974,0.0,0.0
14.96,5.9647725,-72.084235,1,M047981,0.0,0.0
13.21,6.024837,-72.084233,1,M047985,0.0,0.0
14.86,6.026993999999999,-72.084161,1,M048212,0.0,0.0
15.0,6.0246015,-72.084158,1,M048222,0.0,0.0
14.95,5.9617935,-72.084155,1,M048237,0.0,0.0
14.17,6.025554,-72.084131,1,M048309,0.0,0.0
14.42,6.0682815,-72.084109,1,M048379,0.0,0.0
14.35,5.9962875,-72.084085,1,M048445,0.0,0.0
14.92,6.044412,-72.084004,1,M048707,0.0,0.0
14.3,5.9879999999999995,-72.083978,1,M048788,0.0,0.0
13.12,6.044741999999999,-72.083965,1,M048825,0.0,0.0
14.62,6.0641805,-72.083947,1,M048887,0.0,0.0
14.15,6.02028,-72.083936,1,M048927,0.0,0.0
14.55,6.0363285,-72.083931,1,M048943,0.0,0.0
14.59,5.9557065,-72.083926,1,M048960,0.0,0.0
14.5,6.025755,-72.083926,1,M048962,0.0,0.0
14.67,6.038826,-72.083921,1,M048977,0.0,0.0
14.42,6.027594000000001,-72.083896,1,M049057,0.0,0.0
14.2,6.0216375,-72.083842,1,M049225,0.0,0.0
14.6,6.011928,-72.083831,1,M049255,0.0,0.0
14.89,6.0541185,-72.083797,1,M049373,0.0,0.0
14.24,6.0371895,-72.083789,1,M049400,0.0,0.0
14.73,5.9452815,-72.083768,1,M049489,0.0,0.0
14.86,6.026565,-72.083759,1,M049526,0.0,0.0
13.08,6.0210345,-72.083754,1,M049545,0.0,0.0
14.33,5.9763839999999995,-72.083747,1,M049568,0.0,0.0
14.52,6.0397515,-72.083714,1,M049671,0.0,0.0
14.53,5.9895825,-72.083713,1,M049676,0.0,0.0
13.76,6.029151,-72.083644,1,M049916,0.0,0.0
14.63,5.993118,-72.08362,1,M050007,0.0,0.0
14.58,5.997719999999999,-72.083604,1,M050070,0.0,0.0
13.98,5.9945175,-72.083564,1,M050192,0.0,0.0
14.5,6.094872,-72.083547,1,M050251,0.0,0.0
14.11,6.060861,-72.083539,1,M050271,0.0,0.0
14.44,5.9658405,-72.083512,1,M050367,0.0,0.0
14.03,6.0027915,-72.083486,1,M050435,0.0,0.0
14.72,6.0293535,-72.083479,1,M050458,0.0,0.0
13.75,6.0226440000000006,-72.083433,1,M050606,0.0,0.0
14.52,5.9991855,-72.083428,1,M050622,0.0,0.0
14.84,5.994522,-72.083402,1,M050703,0.0,0.0
14.56,5.9808045000000005,-72.083394,1,M050734,0.0,0.0
14.49,5.9418180000000005,-72.083366,1,M050844,0.0,0.0
14.28,6.02031,-72.083335,1,M050951,0.0,0.0
14.49,6.0701655,-72.083296,1,M051082,0.0,0.0
14.25,6.0223889999999995,-72.083295,1,M051086,0.0,0.0
14.1,6.0399615,-72.083217,1,M051340,0.0,0.0
14.7,6.061707,-72.083212,1,M051355,0.0,0.0
14.19,6.0158055,-72.083211,1,M051359,0.0,0.0
14.66,6.0320715,-72.083171,1,M051498,0.0,0.0
14.86,6.0701955,-72.083165,1,M051522,0.0,0.0
14.54,5.9463539999999995,-72.083144,1,M051596,0.0,0.0
14.96,6.0880695,-72.083125,1,M051659,0.0,0.0
15.0,6.011769,-72.083116,1,M051698,0.0,0.0
13.7,6.00615,-72.083105,1,M051754,0.0,0.0
14.6,6.0502515,-72.08308,1,M051840,0.0,0.0
14.53,6.0315389999999995,-72.083032,1,M051989,0.0,0.0
13.93,6.0399389999999995,-72.083006,1,M052083,0.0,0.0
14.48,6.0448005,-72.083002,1,M052104,0.0,0.0
14.32,6.0265995,-72.082995,1,M052124,0.0,0.0
13.69,6.019533,-72.082946,1,M052296,0.0,0.0
14.33,6.0250710000000005,-72.08294,1,M052315,0.0,0.0
14.38,6.0295695,-72.082936,1,M052329,0.0,0.0
14.48,5.97138,-72.082886,1,M052491,0.0,0.0
14.54,6.0395235000000005,-72.082872,1,M052532,0.0,0.0
14.14,6.015366,-72.082828,1,M052704,0.0,0.0
14.58,6.0606165,-72.082769,1,M052924,0.0,0.0
14.35,6.020969999999999,-72.082765,1,M052941,0.0,0.0
14.58,6.084918,-72.082695,1,M053180,0.0,0.0
13.45,6.011457,-72.082673,1,M053252,0.0,0.0
14.56,6.054704999999999,-72.082667,1,M053280,0.0,0.0
14.56,5.997084,-72.082587,1,M053546,0.0,0.0
14.51,6.047349,-72.082511,1,M053796,0.0,0.0
14.46,6.061425,-72.082461,1,M053967,0.0,0.0
14.35,6.002205,-72.082442,1,M054039,0.0,0.0
14.29,6.014283,-72.082424,1,M054095,0.0,0.0
14.27,6.0172095,-72.082398,1,M054182,0.0,0.0
14.55,6.004542,-72.082362,1,M054304,0.0,0.0
13.53,6.011862,-72.082361,1,M054307,0.0,0.0
14.84,6.0326955,-72.082353,1,M054330,0.0,0.0
14.4,5.998218,-72.082339,1,M054386,0.0,0.0
14.49,6.0138345,-72.0823,1,M054513,0.0,0.0
14.5,6.049107,-72.082298,1,M054520,0.0,0.0
12.54,6.006651,-72.082297,1,M054526,0.0,0.0
14.07,6.0361199999999995,-72.082213,1,M054799,0.0,0.0
14.84,6.0045165,-72.082129,1,M055110,0.0,0.0
13.95,6.0134775,-72.082083,1,M055262,0.0,0.0
14.54,6.031421999999999,-72.081997,1,M055568,0.0,0.0
13.83,6.02625,-72.081931,1,M055758,0.0,0.0
14.05,6.0435075,-72.081928,1,M055767,0.0,0.0
14.46,6.1134405,-72.081919,1,M055801,0.0,0.0
13.55,6.0130545,-72.081872,1,M055968,0.0,0.0
12.69,6.0125655,-72.081845,1,M056062,0.0,0.0
14.48,6.009615,-72.081835,1,M056093,0.0,0.0
14.69,6.0696135,-72.081815,1,M056164,0.0,0.0
13.31,6.0453165,-72.081812,1,M056177,0.0,0.0
14.33,6.025365000000001,-72.0818,1,M056214,0.0,0.0
14.24,6.0154755,-72.081763,1,M056337,0.0,0.0
14.31,6.042789,-72.081757,1,M056356,0.0,0.0
14.33,6.03978,-72.081748,1,M056390,0.0,0.0
13.67,6.0297719999999995,-72.081746,1,M056400,0.0,0.0
14.54,6.072735,-72.081715,1,M056508,0.0,0.0
14.12,6.012836999999999,-72.081711,1,M056523,0.0,0.0
12.99,6.0210045,-72.081676,1,M056630,0.0,0.0
13.95,5.9825040000000005,-72.081674,1,M056637,0.0,0.0
14.39,6.0066675,-72.081669,1,M056654,0.0,0.0
14.53,5.970144,-72.081657,1,M056693,0.0,0.0
14.29,6.0103665,-72.081651,1,M056718,0.0,0.0
14.64,6.082857,-72.081638,1,M056772,0.0,0.0
14.25,6.0248219999999995,-72.081638,1,M056773,0.0,0.0
13.4,6.007275,-72.081626,1,M056820,0.0,0.0
11.92,6.041949,-72.08161,1,M056876,0.0,0.0
14.96,5.992535999999999,-72.081569,1,M057007,0.0,0.0
14.26,6.0468315,-72.081548,1,M057086,0.0,0.0
14.45,6.0284655,-72.081532,1,M057146,0.0,0.0
14.71,6.0265515,-72.081516,1,M057196,0.0,0.0
13.68,6.0226635,-72.081504,1,M057235,0.0,0.0
14.53,6.061221,-72.081497,1,M057258,0.0,0.0
13.74,6.0088215,-72.081429,1,M057474,0.0,0.0
14.48,6.002382,-72.081423,1,M057494,0.0,0.0
14.08,6.010311000000001,-72.081401,1,M057581,0.0,0.0
14.19,6.0427125,-72.081386,1,M057626,0.0,0.0
14.6,5.971308,-72.081375,1,M057667,0.0,0.0
14.49,6.038724,-72.081322,1,M057856,0.0,0.0
14.61,5.983005,-72.081321,1,M057862,0.0,0.0
13.39,5.953447499999999,-72.081293,1,M057944,0.0,0.0
14.36,6.0467685,-72.081288,1,M057964,0.0,0.0
13.08,6.054069,-72.081244,1,M058116,0.0,0.0
14.13,6.017155499999999,-72.081221,1,M058195,0.0,0.0
14.21,6.015915,-72.081217,1,M058203,0.0,0.0
14.46,6.0451065,-72.081205,1,M058241,0.0,0.0
13.8,6.009526500000001,-72.081194,1,M058290,0.0,0.0
14.06,6.022767,-72.081185,1,M058322,0.0,0.0
14.29,6.0286005000000005,-72.081185,1,M058324,0.0,0.0
14.64,6.040293,-72.081181,1,M058335,0.0,0.0
14.25,6.037833,-72.081181,1,M058336,0.0,0.0
14.82,6.051146999999999,-72.08117,1,M058373,0.0,0.0
13.2,6.0568995,-72.081162,1,M058397,0.0,0.0
14.25,6.0317025,-72.081159,1,M058408,0.0,0.0
14.54,5.9776035,-72.081144,1,M058473,0.0,0.0
14.84,5.981649,-72.08113,1,M058512,0.0,0.0
14.5,6.0533055000000004,-72.081104,1,M058604,0.0,0.0
14.63,6.0575145,-72.0811,1,M058620,0.0,0.0
14.88,6.034437,-72.081092,1,M058653,0.0,0.0
14.51,6.100668,-72.081031,1,M058881,0.0,0.0
14.28,6.0365205,-72.081024,1,M058912,0.0,0.0
13.29,6.0465285,-72.081,1,M059001,0.0,0.0
14.43,6.0376395,-72.080992,1,M059023,0.0,0.0
14.59,6.0704864999999995,-72.080975,1,M059076,0.0,0.0
14.1,6.050886,-72.080958,1,M059133,0.0,0.0
14.49,6.0287805,-72.080927,1,M059241,0.0,0.0
14.51,6.007023,-72.080913,1,M059295,0.0,0.0
14.47,6.01959,-72.080897,1,M059347,0.0,0.0
14.64,5.9848485,-72.080845,1,M059526,0.0,0.0
14.49,6.051552,-72.080844,1,M059530,0.0,0.0
14.04,6.036192,-72.080842,1,M059537,0.0,0.0
14.42,6.044715,-72.080758,1,M059809,0.0,0.0
14.52,6.0208155,-72.080725,1,M059931,0.0,0.0
12.9,6.016366499999999,-72.080716,1,M059965,0.0,0.0
14.51,6.043474499999999,-72.080699,1,M060015,0.0,0.0
13.89,6.0291195,-72.080699,1,M060016,0.0,0.0
12.98,6.012885000000001,-72.080672,1,M060107,0.0,0.0
14.25,6.0069420000000004,-72.080658,1,M060160,0.0,0.0
14.51,5.9882895,-72.080657,1,M060163,0.0,0.0
12.9,6.034461,-72.080657,1,M060167,0.0,0.0
13.99,5.989329,-72.080638,1,M060229,0.0,0.0
13.91,6.0252495,-72.080638,1,M060230,0.0,0.0
14.47,6.0012615,-72.080625,1,M060276,0.0,0.0
14.45,6.0544125,-72.080593,1,M060393,0.0,0.0
14.65,5.998401,-72.080576,1,M060447,0.0,0.0
14.33,6.03165,-72.080548,1,M060526,0.0,0.0
14.19,6.020811,-72.080509,1,M060695,0.0,0.0
14.24,6.0152235,-72.080486,1,M060778,0.0,0.0
13.18,5.955777,-72.080475,1,M060811,0.0,0.0
14.37,6.05457,-72.080469,1,M060830,0.0,0.0
14.34,6.019178999999999,-72.080468,1,M060833,0.0,0.0
14.02,6.0322635,-72.080468,1,M060834,0.0,0.0
14.61,5.998146,-72.080441,1,M060917,0.0,0.0
13.12,6.085368,-72.080395,1,M061093,0.0,0.0
14.67,6.035569499999999,-72.080388,1,M061109,0.0,0.0
14.65,5.940583500000001,-72.080366,1,M061192,0.0,0.0
14.47,6.0103694999999995,-72.080362,1,M061209,0.0,0.0
14.47,6.0898095,-72.080344,1,M061263,0.0,0.0
14.84,6.0363225,-72.080331,1,M061318,0.0,0.0
14.37,6.0545655,-72.080326,1,M061341,0.0,0.0
13.48,6.0235755,-72.080301,1,M061430,0.0,0.0
13.56,6.102945,-72.080284,1,M061477,0.0,0.0
14.17,6.041169,-72.08028,1,M061485,0.0,0.0
14.93,5.977218,-72.080277,1,M061504,0.0,0.0
14.53,6.009726000000001,-72.080268,1,M061533,0.0,0.0
13.86,6.028302,-72.08025,1,M061604,0.0,0.0
14.55,6.0024195,-72.080215,1,M061715,0.0,0.0
14.61,6.0764115,-72.080202,1,M061758,0.0,0.0
14.16,6.0207765,-72.080199,1,M061769,0.0,0.0
13.16,6.0389925,-72.080197,1,M061774,0.0,0.0
14.34,6.005421,-72.080188,1,M061801,0.0,0.0
14.11,6.0257145,-72.080152,1,M061924,0.0,0.0
14.21,6.0111585,-72.080145,1,M061953,0.0,0.0
14.39,6.0230775,-72.08014,1,M061970,0.0,0.0
14.62,5.950197,-72.080115,1,M062052,0.0,0.0
14.67,5.945272500000001,-72.080083,1,M062180,0.0,0.0
14.39,6.0193005,-72.080074,1,M062205,0.0,0.0
13.82,5.9843715,-72.080045,1,M062301,0.0,0.0
14.18,6.01062,-72.080019,1,M062385,0.0,0.0
14.57,6.104175,-72.080014,1,M062398,0.0,0.0
13.45,6.082698000000001,-72.080009,1,M062415,0.0,0.0
14.15,6.0903225,-72.080008,1,M062422,0.0,0.0
14.64,5.9731965,-72.079996,1,M062473,0.0,0.0
14.98,6.0271395,-72.079931,1,M062691,0.0,0.0
13.7,6.0389055,-72.079925,1,M062718,0.0,0.0
14.55,5.9981835,-72.079925,1,M062723,0.0,0.0
14.28,6.031356000000001,-72.079924,1,M062726,0.0,0.0
13.99,6.042456,-72.079914,1,M062759,0.0,0.0
14.57,6.0486645,-72.07991,1,M062774,0.0,0.0
14.85,6.042069000000001,-72.079909,1,M062777,0.0,0.0
14.9,6.023422500000001,-72.079872,1,M062911,0.0,0.0
14.55,6.037294500000001,-72.079799,1,M063170,0.0,0.0
13.85,6.002043,-72.079788,1,M063217,0.0,0.0
14.65,6.046416000000001,-72.079787,1,M063222,0.0,0.0
14.65,6.1111035000000005,-72.079786,1,M063224,0.0,0.0
14.95,6.0309405,-72.079745,1,M063351,0.0,0.0
14.21,6.0467955,-72.079663,1,M063615,0.0,0.0
14.43,6.008091,-72.07963,1,M063725,0.0,0.0
13.47,5.983656,-72.079601,1,M063822,0.0,0.0
13.63,6.013929,-72.079581,1,M063881,0.0,0.0
14.51,6.0293025,-72.079567,1,M063936,0.0,0.0
14.38,6.0768945,-72.079557,1,M063967,0.0,0.0
14.34,6.0738525,-72.079556,1,M063970,0.0,0.0
14.39,6.035052,-72.079543,1,M064020,0.0,0.0
14.42,6.0704775,-72.079534,1,M064056,0.0,0.0
14.98,6.005828999999999,-72.079495,1,M064198,0.0,0.0
14.6,6.042156,-72.079447,1,M064334,0.0,0.0
13.06,6.006228,-72.079432,1,M064393,0.0,0.0
13.92,6.0876945,-72.079431,1,M064397,0.0,0.0
12.92,6.0189435,-72.079428,1,M064403,0.0,0.0
14.43,6.002380499999999,-72.079419,1,M064430,0.0,0.0
14.53,6.054282,-72.079419,1,M064431,0.0,0.0
14.43,6.0767999999999995,-72.0794,1,M064505,0.0,0.0
14.24,6.027213,-72.079395,1,M064520,0.0,0.0
14.43,6.0025155,-72.079346,1,M064688,0.0,0.0
14.0,6.036825,-72.079341,1,M064711,0.0,0.0
14.66,5.937639,-72.079319,1,M064795,0.0,0.0
14.48,6.0114705,-72.079312,1,M064826,0.0,0.0
14.79,6.035556000000001,-72.0793,1,M064864,0.0,0.0
14.22,6.0391305,-72.079267,1,M064967,0.0,0.0
14.84,6.028357499999999,-72.079258,1,M064996,0.0,0.0
14.95,6.0532259999999996,-72.079236,1,M065074,0.0,0.0
14.19,6.027050999999999,-72.079235,1,M065080,0.0,0.0
14.42,6.012585,-72.079192,1,M065231,0.0,0.0
12.88,6.0259425,-72.079173,1,M065279,0.0,0.0
13.38,6.02115,-72.079101,1,M065509,0.0,0.0
14.17,6.0276075,-72.079098,1,M065522,0.0,0.0
14.64,6.033876,-72.079009,1,M065823,0.0,0.0
12.99,6.0346755,-72.078981,1,M065908,0.0,0.0
12.85,6.015492,-72.07898,1,M065911,0.0,0.0
14.39,6.032736,-72.078967,1,M065947,0.0,0.0
14.41,6.015186,-72.07895,1,M066006,0.0,0.0
12.97,6.061305,-72.078947,1,M066015,0.0,0.0
14.11,6.0161475,-72.078907,1,M066124,0.0,0.0
14.6,6.0543,-72.078881,1,M066198,0.0,0.0
14.85,6.0255465,-72.078874,1,M066226,0.0,0.0
14.57,5.9993384999999995,-72.078844,1,M066326,0.0,0.0
12.96,6.0345555,-72.078794,1,M066481,0.0,0.0
13.78,6.041568,-72.07877,1,M066559,0.0,0.0
13.39,6.0339285,-72.078725,1,M066716,0.0,0.0
14.93,6.0553005,-72.078724,1,M066720,0.0,0.0
14.53,6.056418,-72.078717,1,M066743,0.0,0.0
13.64,6.023985,-72.07871,1,M066759,0.0,0.0
14.43,6.064347,-72.078701,1,M066789,0.0,0.0
14.42,6.0380864999999995,-72.078679,1,M066857,0.0,0.0
14.99,6.0429450000000005,-72.07865,1,M066948,0.0,0.0
13.09,6.0772664999999995,-72.078647,1,M066963,0.0,0.0
13.99,6.023445,-72.078616,1,M067050,0.0,0.0
14.0,6.066822,-72.078556,1,M067256,0.0,0.0
14.01,6.0771075,-72.078549,1,M067277,0.0,0.0
14.53,6.085922999999999,-72.078548,1,M067280,0.0,0.0
14.6,5.9795894999999994,-72.078543,1,M067299,0.0,0.0
14.37,6.032688,-72.078538,1,M067313,0.0,0.0
13.9,5.995092,-72.078532,1,M067334,0.0,0.0
14.13,6.030558,-72.07851,1,M067412,0.0,0.0
14.52,6.080553,-72.078498,1,M067447,0.0,0.0
13.8,6.0670875,-72.078498,1,M067449,0.0,0.0
14.33,6.0302835,-72.078475,1,M067539,0.0,0.0
13.96,6.02457,-72.078472,1,M067548,0.0,0.0
14.43,6.0270285,-72.078472,1,M067550,0.0,0.0
14.51,6.012006,-72.078458,1,M067592,0.0,0.0
13.81,6.019737,-72.078409,1,M067750,0.0,0.0
14.38,6.039771,-72.078381,1,M067845,0.0,0.0
14.58,6.0097949999999996,-72.078372,1,M067878,0.0,0.0
14.33,6.020509499999999,-72.078366,1,M067900,0.0,0.0
13.54,6.0390195,-72.078343,1,M067980,0.0,0.0
14.49,6.1148940000000005,-72.078257,1,M068251,0.0,0.0
14.63,6.0298995,-72.078257,1,M068252,0.0,0.0
14.71,6.0576735,-72.078212,1,M068410,0.0,0.0
14.41,6.0510075,-72.078189,1,M068482,0.0,0.0
14.38,6.022677,-72.078186,1,M068496,0.0,0.0
12.97,6.022032,-72.07813,1,M068686,0.0,0.0
14.1,5.9842485000000005,-72.078114,1,M068729,0.0,0.0
13.43,6.0174765,-72.078039,1,M068971,0.0,0.0
14.37,6.0301215,-72.078024,1,M069035,0.0,0.0
14.39,5.995915500000001,-72.078002,1,M069095,0.0,0.0
14.33,6.025169999999999,-72.078,1,M069101,0.0,0.0
13.52,5.9922585,-72.077997,1,M069109,0.0,0.0
14.34,5.9886195,-72.077971,1,M069182,0.0,0.0
13.35,6.043908,-72.077956,1,M069236,0.0,0.0
14.36,6.032844,-72.077953,1,M069249,0.0,0.0
14.37,6.036021,-72.07794,1,M069289,0.0,0.0
14.5,6.008049000000001,-72.077935,1,M069302,0.0,0.0
14.04,6.043083,-72.077894,1,M069443,0.0,0.0
14.71,6.0082770000000005,-72.077878,1,M069494,0.0,0.0
14.51,6.05628,-72.077872,1,M069507,0.0,0.0
14.5,6.0016035,-72.077851,1,M069578,0.0,0.0
14.86,6.0434475,-72.077845,1,M069599,0.0,0.0
13.62,6.0095295,-72.077837,1,M069618,0.0,0.0
14.55,6.095349000000001,-72.077805,1,M069722,0.0,0.0
13.44,5.99277,-72.077786,1,M069795,0.0,0.0
14.39,6.036366,-72.077784,1,M069807,0.0,0.0
14.28,6.047883,-72.077747,1,M069926,0.0,0.0
14.38,6.0908204999999995,-72.077711,1,M070049,0.0,0.0
14.46,6.065764499999999,-72.077603,1,M070382,0.0,0.0
13.91,6.0143205,-72.077575,1,M070487,0.0,0.0
14.44,6.0310575,-72.077557,1,M070533,0.0,0.0
13.86,6.007866,-72.07753,1,M070622,0.0,0.0
14.64,5.996388,-72.077499,1,M070722,0.0,0.0
14.51,6.0001065,-72.077498,1,M070727,0.0,0.0
13.99,6.00873,-72.07748,1,M070803,0.0,0.0
14.16,6.066015,-72.077476,1,M070818,0.0,0.0
14.32,6.1138365,-72.07746,1,M070857,0.0,0.0
14.89,6.0058875,-72.07745,1,M070887,0.0,0.0
14.34,5.995233,-72.077446,1,M070904,0.0,0.0
13.77,6.042395999999999,-72.077443,1,M070908,0.0,0.0
14.52,6.062226,-72.077414,1,M071008,0.0,0.0
14.07,6.0151065,-72.077307,1,M071359,0.0,0.0
13.98,6.0729375,-72.077298,1,M071383,0.0,0.0
14.47,6.0560985,-72.077289,1,M071414,0.0,0.0
14.59,6.0587865,-72.077272,1,M071468,0.0,0.0
14.09,6.010362000000001,-72.077254,1,M071511,0.0,0.0
13.98,6.0038535,-72.077187,1,M071718,0.0,0.0
14.83,6.088812000000001,-72.077186,1,M071726,0.0,0.0
14.76,5.972349,-72.077166,1,M071793,0.0,0.0
13.63,5.9719815,-72.077151,1,M071833,0.0,0.0
14.4,6.05292,-72.077132,1,M071903,0.0,0.0
14.63,6.115400999999999,-72.077109,1,M071973,0.0,0.0
13.01,6.0272775,-72.077091,1,M072029,0.0,0.0
13.61,6.011805,-72.077071,1,M072096,0.0,0.0
14.01,6.029523,-72.077044,1,M072169,0.0,0.0
14.56,6.019178999999999,-72.077023,1,M072241,0.0,0.0
13.8,6.023424,-72.077022,1,M072247,0.0,0.0
13.97,6.0310844999999995,-72.076973,1,M072407,0.0,0.0
14.12,6.0352155,-72.076971,1,M072419,0.0,0.0
13.94,6.024198,-72.07694,1,M072520,0.0,0.0
14.48,6.114552000000001,-72.076926,1,M072564,0.0,0.0
14.53,6.0894345,-72.076909,1,M072623,0.0,0.0
13.89,6.0211695,-72.076879,1,M072721,0.0,0.0
13.99,6.023867999999999,-72.076876,1,M072732,0.0,0.0
14.46,6.0129795,-72.076861,1,M072784,0.0,0.0
14.38,5.997048,-72.07686,1,M072788,0.0,0.0
13.21,6.011862,-72.076798,1,M072966,0.0,0.0
14.23,6.03636,-72.076772,1,M073044,0.0,0.0
14.29,6.042582,-72.076742,1,M073147,0.0,0.0
13.41,6.0629325,-72.076705,1,M073263,0.0,0.0
14.54,5.937249,-72.076622,1,M073533,0.0,0.0
14.06,6.030366,-72.076603,1,M073594,0.0,0.0
14.44,5.984877,-72.076575,1,M073682,0.0,0.0
14.49,6.05037,-72.07657,1,M073698,0.0,0.0
14.47,6.0570045,-72.076562,1,M073731,0.0,0.0
14.37,6.078672,-72.076561,1,M073743,0.0,0.0
14.39,6.014143499999999,-72.07656,1,M073745,0.0,0.0
13.18,6.034870499999999,-72.076553,1,M073764,0.0,0.0
14.63,5.950101,-72.076542,1,M073789,0.0,0.0
14.59,6.110919,-72.076529,1,M073834,0.0,0.0
14.53,5.968783500000001,-72.076413,1,M074171,0.0,0.0
14.41,6.030603,-72.076394,1,M074226,0.0,0.0
14.52,5.9514135,-72.076389,1,M074236,0.0,0.0
14.76,6.024558000000001,-72.076388,1,M074240,0.0,0.0
14.66,6.049215,-72.076386,1,M074246,0.0,0.0
14.43,6.013757999999999,-72.076383,1,M074260,0.0,0.0
13.78,6.0281115000000005,-72.076347,1,M074376,0.0,0.0
14.49,6.047778,-72.076334,1,M074421,0.0,0.0
13.54,6.0253425,-72.076327,1,M074448,0.0,0.0
14.49,5.948433,-72.076318,1,M074475,0.0,0.0
13.93,6.02067,-72.076303,1,M074524,0.0,0.0
14.22,6.033596999999999,-72.076264,1,M074652,0.0,0.0
14.54,5.9985165,-72.076248,1,M074700,0.0,0.0
14.46,5.976858,-72.076195,1,M074862,0.0,0.0
14.16,6.0379185,-72.076166,1,M074959,0.0,0.0
14.53,5.966079,-72.076133,1,M075067,0.0,0.0
14.45,6.0277335,-72.076111,1,M075145,0.0,0.0
13.3,6.0650625,-72.076108,1,M075156,0.0,0.0
14.7,6.039763499999999,-72.076108,1,M075158,0.0,0.0
14.33,6.002403,-72.076078,1,M075248,0.0,0.0
14.52,6.0882495,-72.076005,1,M075489,0.0,0.0
14.45,6.085146,-72.076002,1,M075501,0.0,0.0
14.88,6.0772094999999995,-72.075966,1,M075593,0.0,0.0
14.32,6.0221145,-72.075908,1,M075797,0.0,0.0
14.34,6.009828,-72.075892,1,M075843,0.0,0.0
13.71,5.9697045,-72.075817,1,M076080,0.0,0.0
14.4,6.017990999999999,-72.075799,1,M076132,0.0,0.0
14.22,5.951855999999999,-72.075768,1,M076221,0.0,0.0
14.41,6.0521595,-72.07571,1,M076404,0.0,0.0
14.26,5.9905725,-72.075706,1,M076424,0.0,0.0
13.6,6.021564,-72.075675,1,M076521,0.0,0.0
14.86,6.049725,-72.075608,1,M076739,0.0,0.0
14.6,6.016455,-72.075578,1,M076839,0.0,0.0
14.05,6.033588,-72.075577,1,M076841,0.0,0.0
14.62,5.9830575,-72.075537,1,M076964,0.0,0.0
14.4,6.076341,-72.07552,1,M077010,0.0,0.0
14.85,6.0924855,-72.075487,1,M077112,0.0,0.0
12.53,6.0340185,-72.075473,1,M077150,0.0,0.0
14.21,6.012549,-72.075459,1,M077193,0.0,0.0
14.47,6.067173,-72.075409,1,M077343,0.0,0.0
13.75,5.978463,-72.075382,1,M077415,0.0,0.0
14.38,6.027642,-72.075371,1,M077454,0.0,0.0
13.54,6.0319515,-72.075335,1,M077554,0.0,0.0
14.02,6.043623,-72.075332,1,M077562,0.0,0.0
14.76,6.056082,-72.075322,1,M077587,0.0,0.0
13.84,6.014888999999999,-72.075292,1,M077672,0.0,0.0
13.94,6.0132734999999995,-72.075249,1,M077820,0.0,0.0
14.67,5.98956,-72.075239,1,M077855,0.0,0.0
14.74,6.0235155,-72.075201,1,M077970,0.0,0.0
13.46,5.987728499999999,-72.075189,1,M078000,0.0,0.0
14.45,6.08121,-72.075188,1,M078004,0.0,0.0
14.53,5.9546399999999995,-72.075153,1,M078090,0.0,0.0
14.46,6.037638,-72.075134,1,M078147,0.0,0.0
14.91,6.015801,-72.075077,1,M078324,0.0,0.0
14.71,6.022494,-72.075039,1,M078438,0.0,0.0
14.5,6.084525,-72.075021,1,M078488,0.0,0.0
14.62,5.9477685,-72.075019,1,M078492,0.0,0.0
13.74,5.964753,-72.074986,1,M078582,0.0,0.0
13.23,6.071667000000001,-72.074982,1,M078592,0.0,0.0
14.58,6.0088545,-72.074974,1,M078629,0.0,0.0
14.53,5.951541,-72.074969,1,M078641,0.0,0.0
14.62,5.9549175,-72.074951,1,M078697,0.0,0.0
14.54,5.9932185,-72.074919,1,M078795,0.0,0.0
14.21,5.995137000000001,-72.074903,1,M078836,0.0,0.0
14.13,6.0088035,-72.074871,1,M078940,0.0,0.0
14.08,6.018327,-72.074862,1,M078972,0.0,0.0
14.39,6.0053715,-72.074854,1,M078997,0.0,0.0
14.61,5.9728305,-72.074778,1,M079210,0.0,0.0
14.61,6.001220999999999,-72.074776,1,M079214,0.0,0.0
14.08,6.0950774999999995,-72.074754,1,M079291,0.0,0.0
14.31,6.008343,-72.074732,1,M079358,0.0,0.0
14.27,6.009693,-72.07468,1,M079519,0.0,0.0
14.3,6.0385545,-72.074674,1,M079538,0.0,0.0
14.25,6.0180525,-72.074674,1,M079539,0.0,0.0
14.48,6.061986,-72.074665,1,M079566,0.0,0.0
13.55,6.019539,-72.074643,1,M079634,0.0,0.0
13.75,6.101355,-72.074553,1,M079910,0.0,0.0
14.03,5.978862,-72.074514,1,M080031,0.0,0.0
13.85,6.0245429999999995,-72.074499,1,M080074,0.0,0.0
13.62,6.057156,-72.074497,1,M080082,0.0,0.0
14.17,6.038511000000001,-72.074494,1,M080092,0.0,0.0
14.14,6.0353775,-72.074488,1,M080114,0.0,0.0
13.47,6.007962,-72.074447,1,M080247,0.0,0.0
14.59,6.018288,-72.074413,1,M080328,0.0,0.0
14.75,6.0712695,-72.074399,1,M080376,0.0,0.0
14.34,6.0118875,-72.074326,1,M080597,0.0,0.0
13.81,6.0690315,-72.074283,1,M080721,0.0,0.0
14.28,6.090355499999999,-72.074245,1,M080823,0.0,0.0
14.22,6.0436395,-72.074226,1,M080880,0.0,0.0
14.41,6.0866489999999995,-72.074219,1,M080898,0.0,0.0
14.46,5.981283,-72.074205,1,M080933,0.0,0.0
13.31,6.0608175,-72.074194,1,M080969,0.0,0.0
14.4,6.036057,-72.074058,1,M081375,0.0,0.0
13.9,5.95566,-72.073976,1,M081591,0.0,0.0
12.72,6.0901695,-72.0739,1,M081821,0.0,0.0
14.39,6.012312,-72.073838,1,M081994,0.0,0.0
14.1,6.078272999999999,-72.073832,1,M082012,0.0,0.0
13.24,6.0278339999999995,-72.073818,1,M082054,0.0,0.0
14.82,6.115545,-72.07381,1,M082079,0.0,0.0
12.99,5.992032,-72.073786,1,M082155,0.0,0.0
14.51,5.9866845,-72.073697,1,M082417,0.0,0.0
13.74,5.98743,-72.07368,1,M082468,0.0,0.0
14.43,5.9935845,-72.073679,1,M082476,0.0,0.0
14.6,5.963223,-72.073674,1,M082488,0.0,0.0
14.5,6.0732465,-72.073591,1,M082699,0.0,0.0
14.44,6.050186999999999,-72.073586,1,M082710,0.0,0.0
14.33,6.0476865,-72.073575,1,M082747,0.0,0.0
14.47,5.9930055,-72.073551,1,M082815,0.0,0.0
14.33,6.013069499999999,-72.073536,1,M082858,0.0,0.0
14.73,6.0834555,-72.073516,1,M082918,0.0,0.0
14.57,6.019455000000001,-72.073501,1,M082959,0.0,0.0
14.43,5.9962184999999995,-72.073442,1,M083122,0.0,0.0
14.24,6.0312165,-72.073414,1,M083205,0.0,0.0
14.51,6.034461,-72.073362,1,M083346,0.0,0.0
14.38,6.0238439999999995,-72.073316,1,M083493,0.0,0.0
14.56,5.978871,-72.073273,1,M083615,0.0,0.0
14.3,6.0233205,-72.073232,1,M083746,0.0,0.0
13.8,6.052385999999999,-72.073173,1,M083911,0.0,0.0
14.32,6.023683500000001,-72.073169,1,M083923,0.0,0.0
14.85,6.0200805,-72.07311,1,M084092,0.0,0.0
14.44,5.999985,-72.073068,1,M084215,0.0,0.0
13.12,6.0321255,-72.073047,1,M084286,0.0,0.0
14.48,6.0175395,-72.073013,1,M084371,0.0,0.0
13.18,6.096384,-72.072945,1,M084561,0.0,0.0
14.0,6.024850499999999,-72.072938,1,M084577,0.0,0.0
14.48,6.050619,-72.072893,1,M084710,0.0,0.0
13.68,6.0242759999999995,-72.072886,1,M084729,0.0,0.0
14.44,6.030843,-72.07286,1,M084793,0.0,0.0
14.17,6.047835,-72.072857,1,M084808,0.0,0.0
14.27,6.0715604999999995,-72.072842,1,M084848,0.0,0.0
14.2,5.9646555,-72.072631,1,M085454,0.0,0.0
14.38,6.033157500000001,-72.072597,1,M085552,0.0,0.0
14.41,6.083133,-72.072572,1,M085623,0.0,0.0
14.38,6.0368414999999995,-72.072572,1,M085624,0.0,0.0
14.02,6.059964,-72.072559,1,M085660,0.0,0.0
13.08,5.960181,-72.072468,1,M085907,0.0,0.0
14.73,6.027915,-72.072462,1,M085920,0.0,0.0
14.66,5.9589855,-72.07245,1,M085953,0.0,0.0
14.73,5.946351,-72.072388,1,M086131,0.0,0.0
13.86,6.0781455,-72.072355,1,M086211,0.0,0.0
14.41,6.024291,-72.072273,1,M086425,0.0,0.0
14.87,6.0529305,-72.072241,1,M086531,0.0,0.0
14.54,5.9398064999999995,-72.072183,1,M086691,0.0,0.0
13.6,6.018332999999999,-72.072171,1,M086730,0.0,0.0
14.15,6.032614499999999,-72.072152,1,M086784,0.0,0.0
14.31,5.999868,-72.071948,1,M087343,0.0,0.0
14.5,6.098385,-72.071907,1,M087443,0.0,0.0
14.3,6.0217965,-72.071898,1,M087461,0.0,0.0
14.09,5.9989755,-72.071869,1,M087548,0.0,0.0
14.88,6.0539865,-72.071836,1,M087634,0.0,0.0
14.49,6.081093,-72.071777,1,M087796,0.0,0.0
14.44,6.0868590000000005,-72.071762,1,M087840,0.0,0.0
14.52,6.0610275,-72.07175,1,M087873,0.0,0.0
14.53,5.9699055,-72.071734,1,M087909,0.0,0.0
14.61,5.9583,-72.071716,1,M087947,0.0,0.0
14.31,6.0468044999999995,-72.071666,1,M088062,0.0,0.0
12.76,6.015213,-72.071622,1,M088171,0.0,0.0
14.48,6.056655,-72.071524,1,M088446,0.0,0.0
14.44,6.071277,-72.071499,1,M088522,0.0,0.0
14.49,5.943939,-72.071477,1,M088567,0.0,0.0
14.39,5.975145,-72.071455,1,M088634,0.0,0.0
14.77,6.0765735,-72.071454,1,M088639,0.0,0.0
14.82,6.0036,-72.071405,1,M088777,0.0,0.0
14.09,5.9878785,-72.071387,1,M088832,0.0,0.0
14.94,6.032208,-72.071212,1,M089290,0.0,0.0
14.88,6.017241,-72.071111,1,M089585,0.0,0.0
14.37,6.0017205,-72.071088,1,M089635,0.0,0.0
14.46,6.065996999999999,-72.071032,1,M089785,0.0,0.0
14.99,6.001939500000001,-72.07101,1,M089847,0.0,0.0
14.4,6.053184,-72.070988,1,M089907,0.0,0.0
14.54,6.0876,-72.070911,1,M090142,0.0,0.0
13.12,5.97117,-72.070907,1,M090150,0.0,0.0
14.27,6.022797,-72.0709,1,M090163,0.0,0.0
14.97,6.0441855,-72.070814,1,M090395,0.0,0.0
14.68,5.949961500000001,-72.070781,1,M090470,0.0,0.0
14.45,6.022938,-72.07071,1,M090656,0.0,0.0
12.95,6.034362,-72.070574,1,M091003,0.0,0.0
14.39,6.041871,-72.070571,1,M091014,0.0,0.0
13.86,6.073760999999999,-72.07055,1,M091075,0.0,0.0
14.57,5.958816000000001,-72.07051,1,M091173,0.0,0.0
14.55,5.9846385,-72.070418,1,M091408,0.0,0.0
14.29,6.033027,-72.07039,1,M091477,0.0,0.0
14.49,6.1179809999999994,-72.070346,1,M091595,0.0,0.0
14.21,6.0315900000000005,-72.070294,1,M091726,0.0,0.0
13.08,6.0903884999999995,-72.070246,1,M091830,0.0,0.0
14.49,6.074199,-72.070235,1,M091856,0.0,0.0
14.32,6.060534,-72.070167,1,M092042,0.0,0.0
14.24,6.0384044999999995,-72.070128,1,M092150,0.0,0.0
14.28,6.027169499999999,-72.070016,1,M092445,0.0,0.0
14.3,6.0508065,-72.069883,1,M092811,0.0,0.0
14.75,5.9908605,-72.069831,1,M092935,0.0,0.0
14.15,6.0378405,-72.069807,1,M093000,0.0,0.0
14.37,6.079266,-72.06973,1,M093209,0.0,0.0
14.6,6.10692,-72.069714,1,M093258,0.0,0.0
14.34,6.0044715,-72.069666,1,M093368,0.0,0.0
14.0,6.0360525,-72.069557,1,M093639,0.0,0.0
14.85,5.98797,-72.069412,1,M094035,0.0,0.0
14.19,6.0187035,-72.069314,1,M094296,0.0,0.0
14.43,6.005885999999999,-72.069228,1,M094513,0.0,0.0
12.95,6.007452,-72.069148,1,M094704,0.0,0.0
13.33,6.027408,-72.069098,1,M094838,0.0,0.0
14.67,6.113613,-72.068863,1,M095439,0.0,0.0
14.49,6.020994,-72.068845,1,M095495,0.0,0.0
13.89,6.027075,-72.068818,1,M095565,0.0,0.0
14.48,6.021453,-72.068765,1,M095705,0.0,0.0
14.31,6.037884,-72.068681,1,M095920,0.0,0.0
14.52,5.948586,-72.068677,1,M095929,0.0,0.0
14.05,5.971815,-72.068576,1,M096174,0.0,0.0
14.93,6.075898499999999,-72.068538,1,M096260,0.0,0.0
13.68,6.0047055,-72.068531,1,M096278,0.0,0.0
14.55,5.9460014999999995,-72.068477,1,M096407,0.0,0.0
14.6,5.9893515,-72.068379,1,M096655,0.0,0.0
14.88,6.041046,-72.068305,1,M096825,0.0,0.0
13.57,6.0981885,-72.068237,1,M097018,0.0,0.0
14.41,6.0903075,-72.068177,1,M097159,0.0,0.0
14.43,6.002418,-72.06814,1,M097255,0.0,0.0
14.66,6.1206165,-72.068033,1,M097510,0.0,0.0
14.59,5.9545335,-72.067971,1,M097661,0.0,0.0
14.55,6.0880875,-72.06796,1,M097686,0.0,0.0
14.2,5.978532,-72.06795,1,M097703,0.0,0.0
14.35,6.0376905,-72.067936,1,M097737,0.0,0.0
13.46,6.096645,-72.067844,1,M097967,0.0,0.0
13.63,6.002788499999999,-72.067841,1,M097974,0.0,0.0
13.36,6.0074355,-72.067796,1,M098089,0.0,0.0
14.28,6.0259575,-72.067742,1,M098215,0.0,0.0
14.33,6.118037999999999,-72.067716,1,M098277,0.0,0.0
14.33,6.035283,-72.067677,1,M098368,0.0,0.0
14.43,5.9988225,-72.067617,1,M098523,0.0,0.0
14.12,5.995203,-72.067583,1,M098609,0.0,0.0
14.36,6.0545925,-72.067575,1,M098640,0.0,0.0
14.46,6.0071205,-72.067554,1,M098685,0.0,0.0
14.27,6.1146855,-72.067295,1,M099288,0.0,0.0
13.24,5.9868735,-72.067155,1,M099642,0.0,0.0
14.37,5.9798265,-72.067116,1,M099732,0.0,0.0
13.88,6.060700499999999,-72.067087,1,M099782,0.0,0.0
14.89,6.0006255,-72.066948,1,M100073,0.0,0.0
14.31,5.9948655,-72.06686,1,M100272,0.0,0.0
14.51,6.021859500000001,-72.066795,1,M100401,0.0,0.0
14.6,5.961615,-72.066484,1,M101108,0.0,0.0
13.91,5.996128499999999,-72.066479,1,M101119,0.0,0.0
14.49,5.962566,-72.066411,1,M101266,0.0,0.0
14.39,6.0391335,-72.066355,1,M101394,0.0,0.0
14.43,6.0558045,-72.066346,1,M101411,0.0,0.0
14.67,6.057837,-72.066338,1,M101440,0.0,0.0
14.47,6.078094500000001,-72.066285,1,M101562,0.0,0.0
14.67,6.0305925,-72.066041,1,M102119,0.0,0.0
14.43,6.0546015,-72.065962,1,M102295,0.0,0.0
13.35,6.002371500000001,-72.065832,1,M102603,0.0,0.0
14.37,6.0173309999999995,-72.065533,1,M103238,0.0,0.0
14.5,6.043495500000001,-72.065432,1,M103454,0.0,0.0
13.35,6.054958500000001,-72.065355,1,M103613,0.0,0.0
13.38,5.9975085,-72.065212,1,M103915,0.0,0.0
14.27,6.021160500000001,-72.065119,1,M104126,0.0,0.0
13.35,6.035544,-72.065108,1,M104154,0.0,0.0
14.19,6.0093135,-72.065048,1,M104287,0.0,0.0
14.45,6.003127500000001,-72.065032,1,M104313,0.0,0.0
14.61,5.983060500000001,-72.065012,1,M104366,0.0,0.0
14.39,6.040614,-72.064963,1,M104468,0.0,0.0
14.32,6.057252,-72.064838,1,M104711,0.0,0.0
14.01,5.969565,-72.064767,1,M104851,0.0,0.0
14.4,6.09195,-72.064753,1,M104889,0.0,0.0
14.42,6.014208,-72.064741,1,M104911,0.0,0.0
14.19,5.9398349999999995,-72.064714,1,M104968,0.0,0.0
13.98,6.1127415,-72.064671,1,M105066,0.0,0.0
14.36,6.011709,-72.064661,1,M105090,0.0,0.0
14.28,6.058158,-72.064643,1,M105126,0.0,0.0
14.47,6.0650625,-72.064527,1,M105384,0.0,0.0
14.6,6.1133535,-72.0645,1,M105435,0.0,0.0
14.33,6.042846,-72.064452,1,M105543,0.0,0.0
14.32,6.0259920000000005,-72.064306,1,M105850,0.0,0.0
13.85,6.053937,-72.064213,1,M106037,0.0,0.0
14.5,6.028143,-72.064196,1,M106068,0.0,0.0
14.56,6.1039034999999995,-72.064153,1,M106158,0.0,0.0
14.6,5.9414549999999995,-72.064089,1,M106302,0.0,0.0
14.91,6.017355,-72.064055,1,M106367,0.0,0.0
14.35,6.041196,-72.064017,1,M106462,0.0,0.0
14.4,6.046911000000001,-72.063832,1,M106817,0.0,0.0
14.47,5.971032,-72.063722,1,M107052,0.0,0.0
14.27,6.046913999999999,-72.063657,1,M107195,0.0,0.0
12.99,5.963202,-72.063525,1,M107440,0.0,0.0
14.74,6.050061,-72.063407,1,M107676,0.0,0.0
13.85,6.0127125,-72.063278,1,M107924,0.0,0.0
14.82,6.0365355,-72.063074,1,M108385,0.0,0.0
14.48,6.0087375000000005,-72.063056,1,M108424,0.0,0.0
14.17,6.084081,-72.062884,1,M108774,0.0,0.0
14.23,6.0245175,-72.062842,1,M108849,0.0,0.0
14.55,6.10827,-72.062816,1,M108896,0.0,0.0
14.4,6.0875925,-72.06277,1,M108983,0.0,0.0
14.43,6.0377595,-72.062697,1,M109135,0.0,0.0
14.59,5.9770425,-72.062669,1,M109210,0.0,0.0
14.36,6.021651,-72.062623,1,M109300,0.0,0.0
14.47,6.055197,-72.062519,1,M109483,0.0,0.0
14.25,5.9934735,-72.062481,1,M109545,0.0,0.0
14.81,6.0033389999999995,-72.062402,1,M109717,0.0,0.0
14.59,5.9738415,-72.062332,1,M109864,0.0,0.0
14.45,6.032947500000001,-72.062305,1,M109910,0.0,0.0
14.58,5.9870220000000005,-72.062302,1,M109916,0.0,0.0
14.55,6.1038285,-72.062294,1,M109936,0.0,0.0
14.36,6.0972405,-72.062283,1,M109960,0.0,0.0
14.49,6.051393,-72.061351,1,M111792,0.0,0.0
13.84,6.043713,-72.061339,1,M111813,0.0,0.0
13.91,6.054924,-72.061334,1,M111823,0.0,0.0
14.42,5.977371,-72.061289,1,M111913,0.0,0.0
14.46,6.0280664999999996,-72.061162,1,M112155,0.0,0.0
14.9,6.064353,-72.061127,1,M112227,0.0,0.0
13.85,6.0069765,-72.061113,1,M112244,0.0,0.0
14.49,6.0395294999999996,-72.061039,1,M112385,0.0,0.0
14.45,6.027495,-72.061029,1,M112398,0.0,0.0
14.67,6.0567075,-72.060731,1,M112919,0.0,0.0
14.51,6.078966,-72.060706,1,M112971,0.0,0.0
12.89,5.9774205,-72.06066,1,M113062,0.0,0.0
13.44,6.0531464999999995,-72.060567,1,M113227,0.0,0.0
14.48,6.027732,-72.060527,1,M113303,0.0,0.0
13.84,6.1238325,-72.060432,1,M113462,0.0,0.0
14.56,6.0189165,-72.060401,1,M113514,0.0,0.0
14.38,6.0289965,-72.060356,1,M113597,0.0,0.0
14.2,6.0577755,-72.060185,1,M113914,0.0,0.0
14.35,6.013809,-72.060124,1,M114021,0.0,0.0
14.48,6.079719000000001,-72.060123,1,M114022,0.0,0.0
13.74,6.000261,-72.060046,1,M114133,0.0,0.0
14.24,5.9675400000000005,-72.059831,1,M114480,0.0,0.0
14.65,6.013419,-72.059787,1,M114555,0.0,0.0
14.55,5.9631704999999995,-72.059751,1,M114617,0.0,0.0
14.34,6.035148,-72.059327,1,M115350,0.0,0.0
14.48,5.9587769999999995,-72.059276,1,M115441,0.0,0.0
14.43,6.0521595,-72.059207,1,M115564,0.0,0.0
13.5,6.0876315,-72.059136,1,M115670,0.0,0.0
14.05,5.9470410000000005,-72.058849,1,M116136,0.0,0.0
14.29,6.0520485,-72.058839,1,M116158,0.0,0.0
14.37,6.076608,-72.058816,1,M116205,0.0,0.0
14.7,6.037872,-72.058807,1,M116223,0.0,0.0
13.59,6.087276,-72.058725,1,M116350,0.0,0.0
14.52,5.9656155,-72.058603,1,M116553,0.0,0.0
13.0,5.9919825,-72.058508,1,M116728,0.0,0.0
14.52,5.9715825,-72.058459,1,M116812,0.0,0.0
13.71,6.107055000000001,-72.058429,1,M116869,0.0,0.0
14.48,6.0026565000000005,-72.058307,1,M117064,0.0,0.0
14.39,6.052676999999999,-72.058261,1,M117129,0.0,0.0
14.47,6.0370815,-72.058197,1,M117225,0.0,0.0
12.86,6.0293865,-72.05818,1,M117269,0.0,0.0
14.7,6.119994,-72.058042,1,M117505,0.0,0.0
14.45,6.043245,-72.057934,1,M117659,0.0,0.0
14.56,6.03342,-72.057836,1,M117804,0.0,0.0
14.08,6.0477855,-72.057804,1,M117857,0.0,0.0
14.56,6.041856,-72.057795,1,M117873,0.0,0.0
14.45,6.0765525,-72.057795,1,M117875,0.0,0.0
14.12,6.0856155,-72.05763,1,M118148,0.0,0.0
14.48,6.082419,-72.05751,1,M118336,0.0,0.0
13.1,6.100623000000001,-72.057319,1,M118642,0.0,0.0
13.55,6.097719,-72.05723,1,M118793,0.0,0.0
14.43,6.059211,-72.057184,1,M118870,0.0,0.0
14.55,5.9857965,-72.057176,1,M118882,0.0,0.0
14.45,6.0581385,-72.057057,1,M119074,0.0,0.0
14.84,6.0416235,-72.05699,1,M119181,0.0,0.0
12.96,6.0481560000000005,-72.056902,1,M119320,0.0,0.0
14.48,6.0550275,-72.056548,1,M119886,0.0,0.0
14.5,6.042753,-72.056523,1,M119933,0.0,0.0
14.56,6.026301,-72.056505,1,M119964,0.0,0.0
14.51,5.9600040000000005,-72.056503,1,M119969,0.0,0.0
14.58,6.0094515,-72.05629,1,M120307,0.0,0.0
14.48,5.993193000000001,-72.056166,1,M120514,0.0,0.0
13.82,6.006858,-72.055726,1,M121180,0.0,0.0
14.49,6.0377985,-72.055676,1,M121256,0.0,0.0
14.51,5.9914815,-72.055402,1,M121668,0.0,0.0
14.3,6.018354,-72.055316,1,M121802,0.0,0.0
13.28,6.0541755,-72.055177,1,M122005,0.0,0.0
14.47,6.099228,-72.055144,1,M122044,0.0,0.0
14.3,6.0629115,-72.055112,1,M122092,0.0,0.0
14.45,6.0043875,-72.055002,1,M122249,0.0,0.0
14.31,6.114543,-72.054966,1,M122298,0.0,0.0
13.3,6.011245499999999,-72.054903,1,M122386,0.0,0.0
14.73,6.092236499999999,-72.054562,1,M122835,0.0,0.0
14.31,6.072222,-72.054245,1,M123258,0.0,0.0
14.74,5.9877135,-72.054062,1,M123497,0.0,0.0
14.39,6.0098265,-72.053934,1,M123668,0.0,0.0
14.47,6.10629,-72.05351,1,M124226,0.0,0.0
13.12,5.9537115,-72.053481,1,M124265,0.0,0.0
14.46,6.057804,-72.053308,1,M124485,0.0,0.0
14.64,6.0408195000000005,-72.053251,1,M124562,0.0,0.0
14.52,5.978775000000001,-72.053096,1,M124757,0.0,0.0
14.32,6.018883499999999,-72.053063,1,M124802,0.0,0.0
13.72,6.1064475,-72.053046,1,M124826,0.0,0.0
14.34,6.0744225,-72.052987,1,M124906,0.0,0.0
14.23,5.988188999999999,-72.052943,1,M124955,0.0,0.0
14.38,6.04272,-72.052718,1,M125221,0.0,0.0
14.33,6.0591870000000005,-72.052708,1,M125235,0.0,0.0
14.8,5.9884335,-72.052654,1,M125310,0.0,0.0
14.33,5.9663520000000005,-72.052603,1,M125367,0.0,0.0
13.51,6.0135345,-72.05195,1,M126057,0.0,0.0
14.45,5.983026000000001,-72.051912,1,M126095,0.0,0.0
14.45,6.026427,-72.051807,1,M126211,0.0,0.0
14.9,5.993136000000001,-72.051567,1,M126441,0.0,0.0
14.17,5.964003,-72.051454,1,M126552,0.0,0.0
14.35,6.050274,-72.051444,1,M126561,0.0,0.0
14.11,6.0076575,-72.051208,1,M126797,0.0,0.0
14.41,6.0831360000000005,-72.051167,1,M126833,0.0,0.0
14.12,6.0077115,-72.051134,1,M126870,0.0,0.0
13.26,6.0658845,-72.050689,1,M127286,0.0,0.0
14.44,5.968380000000001,-72.050267,1,M127657,0.0,0.0
13.12,6.005949,-72.050083,1,M127807,0.0,0.0
13.34,5.952354,-72.049818,1,M127975,0.0,0.0
12.97,6.036867,-72.049757,1,M128011,0.0,0.0
14.02,6.0418755,-72.049658,1,M128085,0.0,0.0
14.55,5.9841465,-72.049646,1,M128094,0.0,0.0
13.52,6.050622,-72.049519,1,M128184,0.0,0.0
14.3,6.036339,-72.049222,1,M128388,0.0,0.0
14.5,6.010548,-72.048883,1,M128618,0.0,0.0
14.5,5.9847915,-72.048365,1,M128921,0.0,0.0
14.95,5.9990385,-72.047565,1,M129295,0.0,0.0
13.97,5.985651,-72.046998,1,M129491,0.0,0.0
